code	iri_id	platforms	hindi	regional
ERS	52	6	एरणाकुलम जंक्शन	എറണാകുളം ജംഗ്ഷൻ
TNU	6542	1	तिरुनेट्टूर	തിരുനെട്ടൂർ
KUMM	6543	1	कुम्बलम	കുമ്പളം
AROR	6544	1	अरूर हॉल्ट	അരൂർ
EZP	6545	1	एषुपुऩ्ना	എഴുപുന്ന
TUVR	436	2	तुरवूर	തുറവൂർ
VAY	6546	1	वयलार	വയലാർ
SRTL	53	3	चेरत्तला	ചേർത്തല
TRVZ	7214	1	तिरुविष़ा	തിരുവിഴ
MAKM	1784	2	मारारिक्कुलम	മാരാരിക്കുളം
KAVR	6547	1	कलवुर हॉल्ट	കലവൂർ
TMPY	6548	1	तुंबोलि	തുമ്പോളി
PUPR	7373	1	पुन्नप्रा	പുന്നപ്ര
ALLP	54	3	आलप्पुऴा	ആലപ്പുഴ
AMPA	55	3	अम्बलप्पुष़ा	അമ്പലപ്പുഴ
TZH	9793	2	तकषि	തകഴി
KVTA	6540	2	करुवत्ता हॉल्ट	കരുവാറ്റ
HAD	56	2	हरिप्पाड	ഹരിപ്പാട്
CHPD	6541	3	चेप्पाड़	ചേപ്പാട്
KYJ	57	5	कायमकुलम जंक्शन	കായംകുളം ജംഗ്ഷൻ
OCR	6536	2	ओचिरा	ഓച്ചിറ
KPY	570	3	करुनागप्पल्ली	കരുനാഗപ്പള്ളി
STKT	2763	2	शास्तानकोट्टा	ശാസ്താംകോട്ട
MQO	2781	2	मनरोतुरुत्तु	മൺറോതുരുത്ത്
PRND	6537	2	पेरिनाड़	പെരിനാട്
QLN	58	6	कोल्लम जंक्शन	കൊല്ലം ജംഗ്ഷൻ
IRP	3522	2	इरविपुरम	ഇരവിപുരം
MYY	2767	2	मय्यनाड	മയ്യനാട്
PVU	1014	3	परवूर	പരവൂർ
KFI	3523	2	काप्पिल	കാപ്പിൽ
EVA	3524	2	इडवा	ഇടവാ
VAK	569	3	वर्कला शिवगिरी	വർക്കല ശിവഗിരി
AMY	3525	2	अकत्तुमुरि	അകത്തുമുറി
KVU	1013	3	कडक्कावूर	കടയ്ക്കാവൂർ
CRY	1012	2	चिरयिनकीष़	ചിറയിൻകീഴ്
PGZ	3526	2	पेरूंगुषि	പെരുങ്ങുഴി
MQU	2782	2	मरूक्कुंपुष़ा	മുരുക്കുംപുഴ
KXP	3527	2	कणियापुरम	കണിയാപുരം
KZK	2764	3	कष़क्कूट्टम	കഴക്കൂട്ടം
VELI	3528	1	वेली	വേളി
TVCN	1009	6	तिरुवनंतपुरम उत्तर	തിരുവനന്തപുരം നോർത്ത്
TVP	2532	2	तिरुवनंतपुरम पेट्टा	തിരുവനന്തപുരം പേട്ട
TVC	59	5	तिरुवनंतपुरम सेंट्रल	തിരുവനന്തപുരം സെൻട്രൽ
NEM	4790	2	तिरुवनंतपुरम दक्षिण	തിരുവനന്തപുരം തെക്ക്
BRAM	3529	1	बालरामपुरम	ബാലരാമപുരം
NYY	804	2	नेय्याट्टिनकरा	നെയ്യാറ്റിൻകര
AMVA	4791	1	अमरविला	അമരവിള
DAVM	2774	2	धनुवच्चपुरम	ധനുവച്ചപുരം
PASA	1011	2	पारश्शाला	പാറശ്ശാല
KZTW	2775	1	कुलित्तुरै वेस्ट	குழித்துறை மேற்கு
KZT	803	2	कुलित्तुरै	குழித்துறை
PYD	2776	1	पल्लियाडि	பள்ளியாடி
ERL	802	2	इरणियल	இரணியல்
VRLR	4792	1	वीराणि आलूर	விரானி ஆளூர்
NJT	4793	3	नागरकोविल टाउन	நாகர்கோவில் டவுன்
NCJ	801	4	नागरकोविल जंक्शन	நாகர்கோவில் சந்திப்பு
