code	platforms	tracks	page
ERS	6	10	Ernakulam_Junction_railway_station
TUVR	2	3	Thuravoor_railway_station
SRTL	3	5	Cherthala_railway_station
MAKM	2	2	Mararikulam_railway_station
ALLP	3	6	Alappuzha_railway_station
AMPA	3	5	Ambalappuzha_railway_station
TZH	1	2	Thakazhy_railway_station
HAD	2	4	Haripad_railway_station
KYJ	5	6	Kayamkulam_Junction_railway_station
OCR	2	4	Ochira_railway_station
KPY	3	5	Karunagappalli_railway_station
STKT	2	4	Sasthamkotta_railway_station
MQO	2	2	Munroturuttu_railway_station
PRND	2	4	Perinad_railway_station
QLN	6	17	Kollam_Junction_railway_station
IRP	2	2	Eravipuram_railway_station
MYY	2	2	Mayyanad_railway_station
PVU	3	5	Paravur_railway_station
KFI	2	2	Kappil_railway_station
VAK	3	5	Varkala_Sivagiri_railway_station
KVU	3		Kadakkavoor_railway_station
CRY	2	2	Chirayinkeezhu_railway_station
KZK	3	4	Kazhakuttam_railway_station
TVCN	6	13	Thiruvananthapuram_North_(Kochuveli)_railway_station
TVP	2	2	Thiruvananthapuram_Pettah_railway_station
TVC	5	16	Thiruvananthapuram_Central_railway_station
NEM	2		Thiruvananthapuram_South_(Nemom)_railway_station
NYY	2	2	Neyyattinkara_railway_station
PASA	2	2	Parassala_railway_station
KZT	2	2	Kuzhithura_railway_station
ERL	2	2	Eraniel_railway_station
VRLR	1	1	Viranialur_railway_station
NJT	3	3	Nagercoil_Town_railway_station
NCJ	4	12	Nagercoil_Junction_railway_station
