sequence,station_code,station_name,legacy_name_code,operational_status,official_map_chainage_km,chainage_datum,coastal_route_km,halt_marked_in_2025_map,platform_faces_verified,platform_bodies_verified,running_lines_verified,loops_verified,sidings_verified,topology_status,chainage_source,chainage_source_date,notes,mapped_platform_faces,mapped_platform_bodies,mapped_numbered_platform_positions,mapped_roads_at_marker_transect,mapped_parallel_running_roads,mapped_connected_loops,mapped_nonloop_sidings,mapped_total_tracks_all_types,mapped_counts_evidence_class,mapped_notes,mapped_snapshot_date,mapped_source_edit_dates,mapped_source_url,mapped_rail_way_ids,mapped_platform_way_ids,mapped_excluded_nonoperational_way_ids,mapped_source_record,map_latitude,map_longitude,mapped_crossing_loop_alignments,mapped_dead_end_extensions_simple_station_only,wikipedia_reported_platforms,wikipedia_reported_tracks,wikipedia_platforms_numeric,wikipedia_tracks_numeric,wikipedia_platform_field_raw,wikipedia_tracks_field_raw,wikipedia_article_url,wikipedia_revision_url,wikipedia_revision_id,wikipedia_revision_timestamp,wikipedia_accessed_date,wikipedia_platform_inline_citation_present,wikipedia_tracks_inline_citation_present,wikipedia_conflict_notes,wikipedia_lookup_status,wikipedia_count_is_current_verified_inventory,wikipedia_display_flag,wikipedia_count_source_class,wikipedia_tracks_source_url,wikipedia_tracks_revision_id,wikipedia_tracks_revision_timestamp,wikipedia_tracks_source_class,iri_reported_platforms,iri_reported_tracks,iri_platform_field_raw,iri_source_url,iri_profile_updated_raw,iri_accessed_date,iri_retrieval_method,iri_count_notes,reported_platform_count,reported_platform_source,reported_platform_display,reported_platform_source_url,reported_count_scope
1,ERS,Ernakulam Junction,,Listed current by SR2025; no subsequent closure found,0.00,ERS via ALLP,0.00,False,,,,,,Official current yard counts UNVERIFIED; separate mapped observations attached,SR2025,2025-04-01,,6,4,,10,,,,,OSM geometry observed 2026-10-08; NOT current operational certification,Four bodies labelled1;2/3;4/5;6. Ten rail roads cross the station locator transect within180m; six are alongside passenger faces and four are intervening/non-platform roads. Large northeast depot fan extends beyond transect; complete yard/siding total not established. Ignore ERSD platform>3km away.,2026-10-08,2017-08-09T08:34:37Z / 2026-07-12T16:51:30Z,https://www.openstreetmap.org/way/49015814;https://www.openstreetmap.org/way/49015817;https://www.openstreetmap.org/way/86689079;https://www.openstreetmap.org/way/285881579;https://www.openstreetmap.org/way/285881580;https://www.openstreetmap.org/way/285881581;https://www.openstreetmap.org/way/285881583;https://www.openstreetmap.org/way/285881585;https://www.openstreetmap.org/way/483021729;https://www.openstreetmap.org/way/483021730;https://www.openstreetmap.org/way/483021731;https://www.openstreetmap.org/way/483021732;https://www.openstreetmap.org/way/483021733;https://www.openstreetmap.org/way/514137861;https://www.openstreetmap.org/way/514137862;https://www.openstreetmap.org/way/514137864;https://www.openstreetmap.org/way/514137866;https://www.openstreetmap.org/way/514137867;https://www.openstreetmap.org/way/609007655;https://www.openstreetmap.org/way/609008135;https://www.openstreetmap.org/way/640487631;https://www.openstreetmap.org/way/640487634;https://www.openstreetmap.org/way/640487655;https://www.openstreetmap.org/way/640487657;https://www.openstreetmap.org/way/640487660;https://www.openstreetmap.org/way/640487662;https://www.openstreetmap.org/way/640487664;https://www.openstreetmap.org/way/640487666;https://www.openstreetmap.org/way/640487670;https://www.openstreetmap.org/way/640487672;https://www.openstreetmap.org/way/640487677;https://www.openstreetmap.org/way/640487681;https://www.openstreetmap.org/way/640487686;https://www.openstreetmap.org/way/640552551;https://www.openstreetmap.org/way/640552552;https://www.openstreetmap.org/way/640552554;https://www.openstreetmap.org/way/640552557;https://www.openstreetmap.org/way/640552558;https://www.openstreetmap.org/way/640552559;https://www.openstreetmap.org/way/640552563;https://www.openstreetmap.org/way/640552565;https://www.openstreetmap.org/way/640552567;https://www.openstreetmap.org/way/640552568;https://www.openstreetmap.org/way/640552570;https://www.openstreetmap.org/way/640552573;https://www.openstreetmap.org/way/640552575;https://www.openstreetmap.org/way/640552576;https://www.openstreetmap.org/way/640552579;https://www.openstreetmap.org/way/640552581;https://www.openstreetmap.org/way/640552583;https://www.openstreetmap.org/way/640552586;https://www.openstreetmap.org/way/640552588;https://www.openstreetmap.org/way/640552590;https://www.openstreetmap.org/way/640552592;https://www.openstreetmap.org/way/640552594;https://www.openstreetmap.org/way/640552596;https://www.openstreetmap.org/way/640552598;https://www.openstreetmap.org/way/640552600;https://www.openstreetmap.org/way/661604981;https://www.openstreetmap.org/way/743768356;https://www.openstreetmap.org/way/747371312;https://www.openstreetmap.org/way/827738559;https://www.openstreetmap.org/way/827738560;https://www.openstreetmap.org/way/1311408253;https://www.openstreetmap.org/way/1311408254;https://www.openstreetmap.org/way/1312327364;https://www.openstreetmap.org/way/1453149440;https://www.openstreetmap.org/way/1453149441;https://www.openstreetmap.org/way/1453149442;https://www.openstreetmap.org/way/1453154556,49015814;49015817;86689079;285881579;285881580;285881581;285881583;285881585;483021731;514137861;514137862;514137864;514137866;514137867;609007655;609008135;640487631;640487634;640487655;640487657;640487660;640487662;640487664;640487666;640487670;640487672;640487677;640487681;640487686;640552551;640552552;640552554;640552557;640552558;640552559;640552563;640552565;640552567;640552568;640552570;640552573;640552575;640552576;640552579;640552581;640552583;640552586;640552588;640552590;640552592;640552594;640552596;640552598;640552600;661604981;743768356;747371312;827738559;827738560;1311408253;1311408254;1312327364;1453149440;1453149441;1453149442;1453154556,483021729;483021730;483021732;483021733,,northern_observations.json#ERS,9.9690003,76.2909524,,,6,10,6,10,6,10,https://en.wikipedia.org/wiki/Ernakulam_Junction_railway_station,https://en.wikipedia.org/w/index.php?oldid=1376428614,1376428614,2026-09-24T02:35:43Z,2026-10-08,False,False,"No specific conflict identified in this pass. Infobox count is reported, not independently verified as a current engineering inventory.",FOUND,False,,"Wikipedia article infobox, reported secondary figure",,,,,,,,,,,,,6,Wikipedia,6W,https://en.wikipedia.org/w/index.php?oldid=1376428614,Reported platform positions; not independently verified current operational inventory
2,TNU,Tirunettur,Nettoor,CLOSED from2017-07-10,,ERS via ALLP,,False,,,,,,Closed halt; physical remnant platform and historic chainage unresolved,,,Between ERS and KUMM; closure PIB2017TNU; do not plot at invented chainage,,,,1,,,,,OSM geometry observed 2026-10-08; NOT current operational certification,"Officially closed halt in 2017. OSM still labels station; one through track mapped, no platform footprint. OSM station label does not establish passenger operation.",2026-10-08,2021-01-02T15:24:48Z / 2025-06-08T18:54:48Z,https://www.openstreetmap.org/way/96075197;https://www.openstreetmap.org/way/96075219;https://www.openstreetmap.org/way/1189967362;https://www.openstreetmap.org/way/1393344943,96075197;96075219;1189967362,,,northern_observations.json#TNU,9.9342399,76.3085098,,,,,,,,,,,,,,,,Standalone English station article not found under tested title; alternate titles or other-language coverage may exist.,Tested English title missing; aliases/languages may exist,False,,,,,,,1,,Number of Platforms: 1,https://indiarailinfo.com/station/gallery/videos-pictures-tirunettur-tnu/6542,2020-04-26,2026-10-08,Direct opened profile,"Profile platform total is explicitly reported. Section track category is not a numerical station track total. Closed in July 2017; this is a historical platform figure, not an operating station.",1,India Rail Info,1I,https://indiarailinfo.com/station/gallery/videos-pictures-tirunettur-tnu/6542,Historical closed station
3,KUMM,Kumbalam,,Listed current by SR2025; no subsequent closure found,7.71,ERS via ALLP,7.71,False,,,,,,Official current yard counts UNVERIFIED; separate mapped observations attached,SR2025,2025-04-01,,,,,3,,,,,OSM geometry observed 2026-10-08; NOT current operational certification,"Three parallel long roads within yard; one short auxiliary curved path at south. One small platform-tag polygon1087091821 is only~75m long and incomplete, so full platform body/face count unresolved. No constructed doubling assumed.",2026-10-08,2018-11-04T12:25:17Z / 2022-08-17T22:44:28Z,https://www.openstreetmap.org/way/602468921;https://www.openstreetmap.org/way/640855306;https://www.openstreetmap.org/way/640855307;https://www.openstreetmap.org/way/640855308;https://www.openstreetmap.org/way/1087091821,602468921;640855306;640855307;640855308,1087091821,,northern_observations.json#KUMM,9.9064186,76.3113965,,,,,,,,,,,,,,,,Standalone English station article not found under tested title; alternate titles or other-language coverage may exist.,Tested English title missing; aliases/languages may exist,False,,,,,,,1,,Number of Platforms: 1,https://indiarailinfo.com/station/map/kumbalam-kumm/6543,"Mar 09 (02:10), year not exposed",2026-10-08,Full indexed profile text returned by web search; direct retrieval unavailable,Profile platform total is explicitly reported. Section track category is not a numerical station track total.,1,India Rail Info,1I,https://indiarailinfo.com/station/map/kumbalam-kumm/6543,Reported platform positions; not independently verified current operational inventory
4,AROR,Aroor,,Listed current by SR2025; no subsequent closure found,12.81,ERS via ALLP,12.81,True,,,,,,Official current yard counts UNVERIFIED; separate mapped observations attached,SR2025,2025-04-01,,,,,1,,,,,OSM geometry observed 2026-10-08; NOT current operational certification,One through track and station building at corrected location. Platform absent from OSM. Original datameet/GeoNames locator1.4km north rejected; corrected stationnode5038554142.,2026-10-08,2021-01-02T15:24:44Z / 2023-11-24T11:38:55Z,https://www.openstreetmap.org/way/618847522;https://www.openstreetmap.org/way/618847523;https://www.openstreetmap.org/way/618851874,618847522;618847523;618851874,,,northern_observations.json#AROR,9.8668,76.2996,,,,,,,,,,,,,,,,Standalone English station article not found under tested title; alternate titles or other-language coverage may exist.,Tested English title missing; aliases/languages may exist,False,,,,,,,1,,Number of Platforms: 1,https://m.indiarailinfo.com/station/map/aroor-halt-aror/6544,"Mar 09 (02:22), year not exposed",2026-10-08,Full indexed profile text returned by web search; direct retrieval unavailable,Profile platform total is explicitly reported. Section track category is not a numerical station track total.,1,India Rail Info,1I,https://m.indiarailinfo.com/station/map/aroor-halt-aror/6544,Reported platform positions; not independently verified current operational inventory
5,EZP,Ezhupunna,,Listed current by SR2025; no subsequent closure found,18.23,ERS via ALLP,18.23,True,,,,,,Official current yard counts UNVERIFIED; separate mapped observations attached,SR2025,2025-04-01,,,,,1,,,,,OSM geometry observed 2026-10-08; NOT current operational certification,One through track mapped at halt. No platform footprint; cannot infer zero platforms.,2026-10-08,2023-11-24T06:57:43Z / 2023-11-24T06:57:43Z,https://www.openstreetmap.org/way/53023780,53023780,,,northern_observations.json#EZP,9.8199115,76.3021676,,,,,,,,,,,,,,,,Standalone English station article not found under tested title; alternate titles or other-language coverage may exist.,Tested English title missing; aliases/languages may exist,False,,,,,,,1,,Number of Platforms: 1,https://indiarailinfo.com/station/map/6545,"Mar 23 (02:59), year not exposed",2026-10-08,Full indexed profile text returned by web search; direct retrieval unavailable,Profile platform total is explicitly reported. Section track category is not a numerical station track total.,1,India Rail Info,1I,https://indiarailinfo.com/station/map/6545,Reported platform positions; not independently verified current operational inventory
6,TUVR,Turavur,,Listed current by SR2025; no subsequent closure found,23.30,ERS via ALLP,23.30,False,,,,,,Official current yard counts UNVERIFIED; separate mapped observations attached,SR2025,2025-04-01,,,,,3,,,,,OSM geometry observed 2026-10-08; NOT current operational certification,Three long parallel roads; outer two tagged siding but geometrically both-ended crossing loops. Short south auxiliary path and north/south trap/neck extensions also mapped. Platform footprints absent; nearby busplatform excluded.,2026-10-08,2018-11-04T12:25:17Z / 2025-11-24T08:40:10Z,https://www.openstreetmap.org/way/619253921;https://www.openstreetmap.org/way/620304883;https://www.openstreetmap.org/way/640855309;https://www.openstreetmap.org/way/640855310;https://www.openstreetmap.org/way/640855311;https://www.openstreetmap.org/way/640855312;https://www.openstreetmap.org/way/640855313,619253921;640855309;640855310;640855311;640855312;640855313,,,northern_observations.json#TUVR,9.7749279,76.3102752,,,2,3,2,3,2,3,https://en.wikipedia.org/wiki/Thuravoor_railway_station,https://en.wikipedia.org/w/index.php?oldid=1370999246,1370999246,2026-08-24T02:43:49Z,2026-10-08,False,False,"No specific conflict identified in this pass. Infobox count is reported, not independently verified as a current engineering inventory.",FOUND,False,,"Wikipedia article infobox, reported secondary figure",,,,,,,,,,,,,2,Wikipedia,2W,https://en.wikipedia.org/w/index.php?oldid=1370999246,Reported platform positions; not independently verified current operational inventory
7,VAY,Vayalar,,Listed current by SR2025; no subsequent closure found,26.97,ERS via ALLP,26.97,True,,,,,,Official current yard counts UNVERIFIED; separate mapped observations attached,SR2025,2025-04-01,,,,,1,,,,,OSM geometry observed 2026-10-08; NOT current operational certification,One through track mapped at halt. No platform footprint.,2026-10-08,2021-01-02T15:24:39Z / 2025-03-09T14:07:14Z,https://www.openstreetmap.org/way/619253920;https://www.openstreetmap.org/way/620877837;https://www.openstreetmap.org/way/621229125,619253920;620877837;621229125,,,northern_observations.json#VAY,9.7420079,76.3119626,,,,,,,,,,,,,,,,Standalone English station article not found under tested title; alternate titles or other-language coverage may exist.,Tested English title missing; aliases/languages may exist,False,,,,,,,1,,Number of Platforms: 1,https://srv23.indiarailinfo.com/station/map/vayalar-vay/6546,,2026-10-08,Full indexed profile text returned by web search; direct retrieval unavailable,Profile platform total is explicitly reported. Section track category is not a numerical station track total.,1,India Rail Info,1I,https://srv23.indiarailinfo.com/station/map/vayalar-vay/6546,Reported platform positions; not independently verified current operational inventory
8,SRTL,Cherthala,,Listed current by SR2025; no subsequent closure found,33.31,ERS via ALLP,33.31,False,,,,,,Official current yard counts UNVERIFIED; separate mapped observations attached,SR2025,2025-04-01,,,,,4,,,,,OSM geometry observed 2026-10-08; NOT current operational certification,"Four roads intersect local station transect: main route, two long outer loop-like roads and an additional western yard road. Additional western dead-end spur and end trap/neck extensions mapped. Platform footprints absent; operational line purposes unverified.",2026-10-08,2018-11-04T12:59:35Z / 2025-02-17T07:33:28Z,https://www.openstreetmap.org/way/53021635;https://www.openstreetmap.org/way/97246730;https://www.openstreetmap.org/way/640865716;https://www.openstreetmap.org/way/640865717;https://www.openstreetmap.org/way/640865718;https://www.openstreetmap.org/way/640865719;https://www.openstreetmap.org/way/640865720;https://www.openstreetmap.org/way/640865721,53021635;97246730;640865716;640865717;640865718;640865719;640865720;640865721,,,northern_observations.json#SRTL,9.6912036,76.3257168,,,3,5,3,5,3,5,https://en.wikipedia.org/wiki/Cherthala_railway_station,https://en.wikipedia.org/w/index.php?oldid=1370893279,1370893279,2026-08-23T16:34:52Z,2026-10-08,False,False,"No specific conflict identified in this pass. Infobox count is reported, not independently verified as a current engineering inventory.",FOUND,False,,"Wikipedia article infobox, reported secondary figure",,,,,,,,,,,,,3,Wikipedia,3W,https://en.wikipedia.org/w/index.php?oldid=1370893279,Reported platform positions; not independently verified current operational inventory
9,TRVZ,Tiruvizha,,Listed current by SR2025; no subsequent closure found,39.13,ERS via ALLP,39.13,True,,,,,,Official current yard counts UNVERIFIED; separate mapped observations attached,SR2025,2025-04-01,,,,,1,,,,,OSM geometry observed 2026-10-08; NOT current operational certification,One through track. Platform-tagged polygon1226986966 looks like a short station building/covered-footprint rather than full passenger platform; full body/face count unresolved.,2026-10-08,2025-02-17T07:33:28Z / 2025-07-21T22:29:08Z,https://www.openstreetmap.org/way/97246730;https://www.openstreetmap.org/way/1096624374;https://www.openstreetmap.org/way/1226986966,97246730,1226986966,,northern_observations.json#TRVZ,9.6424476,76.3263927,,,,,,,,,,,,,,,,Standalone English station article not found under tested title; alternate titles or other-language coverage may exist.,Tested English title missing; aliases/languages may exist,False,,,,,,,1,,Number of Platforms: 1,https://indiarailinfo.com/station/map/tiruvizha-trvz/7214,2024-12-06 20:53,2026-10-08,Direct opened profile,Profile platform total is explicitly reported. Section track category is not a numerical station track total.,1,India Rail Info,1I,https://indiarailinfo.com/station/map/tiruvizha-trvz/7214,Reported platform positions; not independently verified current operational inventory
10,MAKM,Mararikulam,,Listed current by SR2025; no subsequent closure found,44.23,ERS via ALLP,44.23,False,,,,,,Official current yard counts UNVERIFIED; separate mapped observations attached,SR2025,2025-04-01,,1,1,,3,,,,,OSM geometry observed 2026-10-08; NOT current operational certification,"One clear sideplatform ref1(way798274551). Stationbuilding798274550 also taggedplatform but excluded to avoid double counting. Three long parallel roads; two outer roads taggedsidings but both-ended. Short southern auxiliaryloop, north refuge spur and south trap extension mapped. Actual current second platform not established.",2026-10-08,2018-11-04T12:59:36Z / 2025-11-10T19:23:30Z,https://www.openstreetmap.org/way/97246730;https://www.openstreetmap.org/way/640865722;https://www.openstreetmap.org/way/640865723;https://www.openstreetmap.org/way/640865724;https://www.openstreetmap.org/way/640865725;https://www.openstreetmap.org/way/640865726;https://www.openstreetmap.org/way/798274550;https://www.openstreetmap.org/way/798274551,97246730;640865722;640865723;640865724;640865725;640865726,798274550;798274551,,northern_observations.json#MAKM,9.5977041,76.3180189,,,2,2,2,2,2,2,https://en.wikipedia.org/wiki/Mararikulam_railway_station,https://en.wikipedia.org/w/index.php?oldid=1371195631,1371195631,2026-08-25T03:44:58Z,2026-10-08,False,False,"Internal conflict: infobox reports 2 platforms and 2 tracks; layout text says 3 rail lines with only 1 platform-access line. OSM maps one clear platform body and three long roads. Retain 2 as Wikipedia-reported, mark disputed.",FOUND,False,*,"Wikipedia article infobox, reported secondary figure",,,,,2,,Number of Platforms: 2,https://indiarailinfo.com/station/map/mararikkulam-makm/1784,2025-06-27 15:55,2026-10-08,Full indexed profile text returned by web search; direct retrieval unavailable,Profile platform total is explicitly reported. Section track category is not a numerical station track total.,2,Wikipedia,2W*,https://en.wikipedia.org/w/index.php?oldid=1371195631,Reported platform positions; not independently verified current operational inventory
11,KAVR,Kalavur,,Listed current by SR2025; no subsequent closure found,47.58,ERS via ALLP,47.58,True,,,,,,Official current yard counts UNVERIFIED; separate mapped observations attached,SR2025,2025-04-01,,,,,1,,,,,OSM geometry observed 2026-10-08; NOT current operational certification,One through track mapped at halt. No platform footprint.,2026-10-08,2025-02-17T07:33:28Z / 2025-02-17T07:33:28Z,https://www.openstreetmap.org/way/97246730,97246730,,,northern_observations.json#KAVR,9.5679922,76.3185589,,,,,,,,,,,,,,,,Standalone English station article not found under tested title; alternate titles or other-language coverage may exist.,Tested English title missing; aliases/languages may exist,False,,,,,,,1,,Number of Platforms: 1,https://indiarailinfo.com/station/map/6547,"Mar 10 (01:53), year not exposed",2026-10-08,Full indexed profile text returned by web search; direct retrieval unavailable,Profile platform total is explicitly reported. Section track category is not a numerical station track total.,1,India Rail Info,1I,https://indiarailinfo.com/station/map/6547,Reported platform positions; not independently verified current operational inventory
12,TMPY,Tumboli,,Listed current by SR2025; no subsequent closure found,53.00,ERS via ALLP,53.00,True,,,,,,Official current yard counts UNVERIFIED; separate mapped observations attached,SR2025,2025-04-01,,,,,1,,,,,OSM geometry observed 2026-10-08; NOT current operational certification,One through track mapped at halt. No platform footprint.,2026-10-08,2025-02-17T07:33:28Z / 2025-02-17T07:33:28Z,https://www.openstreetmap.org/way/97246730,97246730,,,northern_observations.json#TMPY,9.5190995,76.3218993,,,,,,,,,,,,,,,,Standalone English station article not found under tested title; alternate titles or other-language coverage may exist.,Tested English title missing; aliases/languages may exist,False,,,,,,,1,,Number of Platforms: 1,https://m.indiarailinfo.com/station/map/tumboli-tmpy/6548,2024-10-01 19:10,2026-10-08,Full indexed profile text returned by web search; direct retrieval unavailable,Profile platform total is explicitly reported. Section track category is not a numerical station track total.,1,India Rail Info,1I,https://m.indiarailinfo.com/station/map/tumboli-tmpy/6548,Reported platform positions; not independently verified current operational inventory
13,ALLP,Alappuzha,,Listed current by SR2025; no subsequent closure found,57.00,ERS via ALLP,57.00,False,,,,,,Official current yard counts UNVERIFIED; separate mapped observations attached,SR2025,2025-04-01,,3,2,,6,,,,,OSM geometry observed 2026-10-08; NOT current operational certification,Body 1 ref1; islandbody 2 refs2&3. Three passenger-adjacent roads plus three west-side serviceyard paths cross locator transect; one service path shorter than full yard. Service neck extends far south; total yardroad count depends on treatment of that continuation. South serviceway has passenger_lines=2 despite single physical geometry; do not count this tag as tracks.,2026-10-08,2018-11-04T15:21:43Z / 2024-08-27T03:18:47Z,https://www.openstreetmap.org/way/519388781;https://www.openstreetmap.org/way/632741076;https://www.openstreetmap.org/way/632741099;https://www.openstreetmap.org/way/632741103;https://www.openstreetmap.org/way/632741104;https://www.openstreetmap.org/way/632741106;https://www.openstreetmap.org/way/632741107;https://www.openstreetmap.org/way/640907583;https://www.openstreetmap.org/way/640907584;https://www.openstreetmap.org/way/640907585;https://www.openstreetmap.org/way/640907586;https://www.openstreetmap.org/way/640907587;https://www.openstreetmap.org/way/649481297;https://www.openstreetmap.org/way/649481298;https://www.openstreetmap.org/way/1114826164,519388781;632741076;632741099;632741103;632741104;632741106;632741107;640907583;640907584;640907585;640907586;640907587;1114826164,649481297;649481298,,northern_observations.json#ALLP,9.4846528,76.3223403,,,3 ( 4 th Platform is Under Construction ),6,3,6,3 ( 4 th Platform is Under Construction ),6,https://en.wikipedia.org/wiki/Alappuzha_railway_station,https://en.wikipedia.org/w/index.php?oldid=1376888425,1376888425,2026-09-26T20:13:32Z,2026-10-08,False,False,"Infobox reports 3 platforms with a fourth under construction; displayed current reported count is 3, never 4. Six tracks reported. OSM shows 3 faces on 2 bodies.",FOUND,False,*,"Wikipedia article infobox, reported secondary figure",,,,,,,,,,,,,3,Wikipedia,3W*,https://en.wikipedia.org/w/index.php?oldid=1376888425,Reported platform positions; not independently verified current operational inventory
14,PNPR,Punnapra,,Listed current by SR2025; no subsequent closure found,64.07,ERS via ALLP,64.07,True,,,,,,Official current yard counts UNVERIFIED; separate mapped observations attached,SR2025,2025-04-01,,,,,1,,,,,OSM geometry observed 2026-10-08; NOT current operational certification,"One through track; platform footprint absent. Corrected OSM node3296422361 at9.4233973,76.3419377 uses alternate PUPR; officialstation code PNPR. Datameet PNPR point3km north rejected.",2026-10-08,2025-12-27T10:26:09Z / 2025-12-27T10:26:09Z,https://www.openstreetmap.org/way/618707708,618707708,,,northern_observations.json#PNPR,9.4234,76.34194,,,,,,,,,,,,,,,,Standalone English station article not found under tested title; alternate titles or other-language coverage may exist.,Tested English title missing; aliases/languages may exist,False,,,,,,,1,,Number of Platforms: 1,https://indiarailinfo.com/station/map/punnapura-pnpr/7373,2024-10-02 22:58,2026-10-08,Direct opened profile,Profile platform total is explicitly reported. Section track category is not a numerical station track total.,1,India Rail Info,1I,https://indiarailinfo.com/station/map/punnapura-pnpr/7373,Reported platform positions; not independently verified current operational inventory
15,AMPA,Ambalappuzha,,Listed current by SR2025; no subsequent closure found,69.16,ERS via ALLP,69.16,False,,,,,,Official current yard counts UNVERIFIED; separate mapped observations attached,SR2025,2025-04-01,,3,2,,4,,,,,OSM geometry observed 2026-10-08; NOT current operational certification,"One west-side body and one islandbody imply3 track-adjacent faces. Four parallel roads through yard including outer east-side serviceyard road; additional west-side dead-end goods/yard spur and north/south trap/neck ends. North single-line and south double-line geometries visible, but no official turnout chainage established.",2026-10-08,2018-11-04T15:21:43Z / 2025-12-27T10:26:09Z,https://www.openstreetmap.org/way/618707708;https://www.openstreetmap.org/way/640907588;https://www.openstreetmap.org/way/640907590;https://www.openstreetmap.org/way/640907591;https://www.openstreetmap.org/way/640907594;https://www.openstreetmap.org/way/640907595;https://www.openstreetmap.org/way/1034298611;https://www.openstreetmap.org/way/1034298614;https://www.openstreetmap.org/way/1034298617;https://www.openstreetmap.org/way/1034298618;https://www.openstreetmap.org/way/1034621340;https://www.openstreetmap.org/way/1034621341,618707708;640907588;640907590;640907591;640907594;640907595;1034298611;1034298614;1034298617;1034298618,1034621340;1034621341,,northern_observations.json#AMPA,9.3862866,76.3627219,,,3,5,3,5,3,5,https://en.wikipedia.org/wiki/Ambalappuzha_railway_station,https://en.wikipedia.org/w/index.php?oldid=1376667113,1376667113,2026-09-25T15:17:46Z,2026-10-08,False,False,"Infobox reports 3 platforms and 5 tracks. Layout prose appears copied from Alappuzha, naming that other station and its escalators; it does not independently corroborate Ambalappuzha.",FOUND,False,*,"Wikipedia article infobox, reported secondary figure",,,,,,,,,,,,,3,Wikipedia,3W*,https://en.wikipedia.org/w/index.php?oldid=1376667113,Reported platform positions; not independently verified current operational inventory
16,TZH,Takazhi,,Listed current by SR2025; no subsequent closure found,74.84,ERS via ALLP,74.84,True,,,,,,Official current yard counts UNVERIFIED; separate mapped observations attached,SR2025,2025-04-01,2025 system map prints TZHI; official2025 station list confirms TZH,2,2,,2,,,,,OSM geometry observed 2026-10-08; NOT current operational certification,Two sideplatform bodies beside two continuous main tracks; no extra track mapped within inspected station bounding box.,2026-10-08,2022-02-22T20:38:37Z / 2022-02-23T21:30:14Z,https://www.openstreetmap.org/way/619910178;https://www.openstreetmap.org/way/619910190;https://www.openstreetmap.org/way/619910191;https://www.openstreetmap.org/way/619980222;https://www.openstreetmap.org/way/619980232;https://www.openstreetmap.org/way/623159339;https://www.openstreetmap.org/way/1034621335;https://www.openstreetmap.org/way/1034621338,619910178;619910190;619910191;619980222;619980232;1034621335,623159339;1034621338,,northern_observations.json#TZH,9.3707291,76.4091501,,,1,2,1,2,1,2,https://en.wikipedia.org/wiki/Thakazhy_railway_station,https://en.wikipedia.org/w/index.php?oldid=1362202623,1362202623,2026-07-02T13:51:00Z,2026-10-08,False,False,Article reports1platform/2tracks but OSM maps2sideplatforms. InfoboxstationcodeTKZ conflicts with bodyTZH; officialTZH retained. Count disputed by mappedgeometry.,FOUND,False,*,"Wikipedia station article infobox, reported secondary figure",,,,,,,,,,,,,1,Wikipedia,1W*,https://en.wikipedia.org/w/index.php?oldid=1362202623,Reported platform positions; not independently verified current operational inventory
17,KVTA,Karuvatta,,Listed current by SR2025; no subsequent closure found,81.49,ERS via ALLP,81.49,True,,,,,,Official current yard counts UNVERIFIED; separate mapped observations attached,SR2025,2025-04-01,,2,2,,2,,,,,OSM geometry observed 2026-10-08; NOT current operational certification,Two sideplatform bodies beside two continuous main tracks; no extra track mapped within inspected station bounding box.,2026-10-08,2022-02-24T20:58:24Z / 2025-05-27T22:33:36Z,https://www.openstreetmap.org/way/467777629;https://www.openstreetmap.org/way/1034621330;https://www.openstreetmap.org/way/1034910485;https://www.openstreetmap.org/way/1034910486,467777629;1034621330,1034910485;1034910486,,northern_observations.json#KVTA,9.3166262,76.4311191,,,,,,,,,,,,,,,,Standalone English station article not found under tested title; alternate titles or other-language coverage may exist.,Tested English title missing; aliases/languages may exist,False,,,,,,,2,,Number of Platforms: 2,https://indiarailinfo.com/station/map/6540,2024-09-22 09:15,2026-10-08,Full indexed profile text returned by web search; direct retrieval unavailable,Profile platform total is explicitly reported. Section track category is not a numerical station track total.,2,India Rail Info,2I,https://indiarailinfo.com/station/map/6540,Reported platform positions; not independently verified current operational inventory
18,HAD,Haripad,,Listed current by SR2025; no subsequent closure found,87.30,ERS via ALLP,87.30,False,,,,,,Official current yard counts UNVERIFIED; separate mapped observations attached,SR2025,2025-04-01,,,,,4,,,,,OSM geometry observed 2026-10-08; NOT current operational certification,Two continuousmain tracks +two long outer loop-like roads; northwest dead-end yard spur and short trap extensions mapped. Platform footprints absent.,2026-10-08,2018-11-04T15:21:43Z / 2025-11-24T08:40:10Z,https://www.openstreetmap.org/way/467777629;https://www.openstreetmap.org/way/520216267;https://www.openstreetmap.org/way/640907596;https://www.openstreetmap.org/way/640907597;https://www.openstreetmap.org/way/640907598;https://www.openstreetmap.org/way/640907599;https://www.openstreetmap.org/way/640907600;https://www.openstreetmap.org/way/640907601;https://www.openstreetmap.org/way/640907602;https://www.openstreetmap.org/way/640907603;https://www.openstreetmap.org/way/640907604;https://www.openstreetmap.org/way/640907605;https://www.openstreetmap.org/way/1034621330;https://www.openstreetmap.org/way/1278186313,467777629;520216267;640907596;640907597;640907598;640907599;640907600;640907601;640907602;640907603;640907604;640907605;1034621330,,,northern_observations.json#HAD,9.2777001,76.4631904,,,2,4,2,4,2,4,https://en.wikipedia.org/wiki/Haripad_railway_station,https://en.wikipedia.org/w/index.php?oldid=1371001349,1371001349,2026-08-24T02:50:49Z,2026-10-08,False,False,Wikipedia currently reports 2 platforms and 4 tracks. No platform bodies mapped in inspected OSM; completeness cannot be cross-checked from that source.,FOUND,False,*,"Wikipedia article infobox, reported secondary figure",,,,,2,,Number of Platforms: 2,https://indiarailinfo.com/station/blog/56/1,2025-07-16 17:19,2026-10-08,Full indexed profile text returned by web search; direct retrieval unavailable,Profile platform total is explicitly reported. Section track category is not a numerical station track total.,2,Wikipedia,2W*,https://en.wikipedia.org/w/index.php?oldid=1371001349,Reported platform positions; not independently verified current operational inventory
19,CHPD,Cheppad,,Listed current by SR2025; no subsequent closure found,92.58,ERS via ALLP,92.58,False,,,,,,Official current yard counts UNVERIFIED; separate mapped observations attached,SR2025,2025-04-01,,,,,4,,,,,OSM geometry observed 2026-10-08; NOT current operational certification,Two main tracks plus one long west loop and shorter western auxiliary yardroad crossing locator transect. Additional crossover and trapextension geometry. Platform footprints absent.,2026-10-08,2018-11-04T15:21:44Z / 2025-11-24T08:40:10Z,https://www.openstreetmap.org/way/175569539;https://www.openstreetmap.org/way/520216267;https://www.openstreetmap.org/way/640907606;https://www.openstreetmap.org/way/640907607;https://www.openstreetmap.org/way/640907608;https://www.openstreetmap.org/way/640907609;https://www.openstreetmap.org/way/640907610;https://www.openstreetmap.org/way/640907611;https://www.openstreetmap.org/way/640907612;https://www.openstreetmap.org/way/1034621330,175569539;520216267;640907606;640907607;640907608;640907609;640907610;640907611;640907612;1034621330,,,northern_observations.json#CHPD,9.2330076,76.4768113,,,,,,,,,,,,,,,,Standalone English station article not found under tested title; alternate titles or other-language coverage may exist.,Tested English title missing; aliases/languages may exist,False,,,,,,,3,,Number of Platforms: 3,https://m.indiarailinfo.com/station/map/cheppad-halt-chpd/6541,,2026-10-08,Full indexed profile text returned by web search; direct retrieval unavailable,Profile platform total is explicitly reported. Section track category is not a numerical station track total.,3,India Rail Info,3I,https://m.indiarailinfo.com/station/map/cheppad-halt-chpd/6541,Reported platform positions; not independently verified current operational inventory
20,KYJ,Kayamkulam Junction,,Listed current by SR2025; no subsequent closure found,100.34,ERS via ALLP,100.34,False,,,,,,Official current yard counts UNVERIFIED; separate mapped observations attached,SR2025,2025-04-01,Dual chainage: 100.34 via Alappuzha; 114.66 via Kottayam. Conversion anchor.,5,3,,6,,,,,OSM geometry observed 2026-10-08; NOT current operational certification,"Three bodies: western sidebody plus two islandbodies gives5 adjacentfaces. Middle island refs2;3 and eastern4;5; western side body wrongly repeats2;3 rather than1, so numbering is unresolved there. Six parallel station roads; one outsideeastisland has no platform face. Numerous throat crossovers/neck extensions not extra long roads.",2026-10-08,2018-08-23T10:48:27Z / 2026-07-09T15:19:18Z,https://www.openstreetmap.org/way/178708239;https://www.openstreetmap.org/way/273481410;https://www.openstreetmap.org/way/520212087;https://www.openstreetmap.org/way/520212088;https://www.openstreetmap.org/way/608426664;https://www.openstreetmap.org/way/608429017;https://www.openstreetmap.org/way/619142867;https://www.openstreetmap.org/way/619142868;https://www.openstreetmap.org/way/619142870;https://www.openstreetmap.org/way/620173327;https://www.openstreetmap.org/way/620173334;https://www.openstreetmap.org/way/640935823;https://www.openstreetmap.org/way/640935828;https://www.openstreetmap.org/way/640935829;https://www.openstreetmap.org/way/640935831;https://www.openstreetmap.org/way/640935833;https://www.openstreetmap.org/way/640935835;https://www.openstreetmap.org/way/640935837;https://www.openstreetmap.org/way/640935839;https://www.openstreetmap.org/way/640935841;https://www.openstreetmap.org/way/640935843;https://www.openstreetmap.org/way/640935845;https://www.openstreetmap.org/way/640935847;https://www.openstreetmap.org/way/661604977;https://www.openstreetmap.org/way/661604985;https://www.openstreetmap.org/way/827738561;https://www.openstreetmap.org/way/827738562;https://www.openstreetmap.org/way/827738563;https://www.openstreetmap.org/way/827738564;https://www.openstreetmap.org/way/827739544;https://www.openstreetmap.org/way/827854367;https://www.openstreetmap.org/way/827854368;https://www.openstreetmap.org/way/827854369,178708239;520212087;520212088;608426664;608429017;619142867;619142868;619142870;620173327;620173334;640935823;640935828;640935829;640935831;640935833;640935835;640935837;640935839;640935841;640935843;640935845;640935847;661604977;661604985;827738561;827738562;827738563;827738564;827739544;827854367,273481410;827854368;827854369,,northern_observations.json#KYJ,9.1813015,76.5121004,,,5,6,5,6,5,6,https://en.wikipedia.org/wiki/Kayamkulam_Junction_railway_station,https://en.wikipedia.org/w/index.php?oldid=1371201897,1371201897,2026-08-25T04:26:26Z,2026-10-08,False,False,"No specific conflict identified in this pass. Infobox count is reported, not independently verified as a current engineering inventory.",FOUND,False,,"Wikipedia article infobox, reported secondary figure",,,,,,,,,,,,,5,Wikipedia,5W,https://en.wikipedia.org/w/index.php?oldid=1371201897,Reported platform positions; not independently verified current operational inventory
21,OCR,Ochira,,Listed current by SR2025; no subsequent closure found,120.56,ERS via KTYM then KYJ,106.24,False,,,,,,Official current yard counts UNVERIFIED; separate mapped observations attached,SR2025,2025-04-01,,,,,,4,2,1,5,OSM geometry observed 2026-10-08; NOT current operational certification,Two connected outer loops and one southern dead-end extension. Three very short platform-tagged polygons resemble shelters/entrance fragments; rejected as complete platform bodies.,2026-10-08,2018-11-06T07:01:29Z / 2024-09-30T03:11:03Z,"https://api.openstreetmap.org/api/0.6/map?bbox=76.5165760,9.1230230,76.5345760,9.1410230",178708239;619142868;641467871;641467872;641467873,981111056;981111057;981111058,,middle_observations.json#OCR,9.1318373,76.5251596,,,2,4,2,4,2,4,https://en.wikipedia.org/wiki/Ochira_railway_station,https://en.wikipedia.org/w/index.php?oldid=1376863846,1376863846,2026-09-26T17:44:44Z,2026-10-08,False,False,"No specific conflict identified in this pass. Infobox count is reported, not independently verified as a current engineering inventory.",FOUND,False,,"Wikipedia article infobox, reported secondary figure",,,,,,,,,,,,,2,Wikipedia,2W,https://en.wikipedia.org/w/index.php?oldid=1376863846,Reported platform positions; not independently verified current operational inventory
22,KPY,Karunagapalli,,Listed current by SR2025; no subsequent closure found,128.25,ERS via KTYM then KYJ,113.93,False,,,,,,Official current yard counts UNVERIFIED; separate mapped observations attached,SR2025,2025-04-01,,,,,,4,2,,,OSM geometry observed 2026-10-08; NOT current operational certification,Two main roads and two connected outer loops visible; industrial spurs and several stubs mapped. Total siding inventory unresolved; platform geometry absent.,2026-10-08,2018-11-06T07:01:29Z / 2025-11-24T08:40:10Z,"https://api.openstreetmap.org/api/0.6/map?bbox=76.5350230,9.0562680,76.5530230,9.0742680",178708239;419996691;450044453;546893499;546893500;641467874;641467875;641467876;641467877;641467878;641467879;641467880;641467881;641467882;641478844;641478855;661604986;808639278;808639279,,,middle_observations.json#KPY,9.0652253,76.5446447,,,3,5,3,5,3,5,https://en.wikipedia.org/wiki/Karunagappalli_railway_station,https://en.wikipedia.org/w/index.php?oldid=1373087863,1373087863,2026-09-04T00:24:13Z,2026-10-08,False,False,"No specific conflict identified in this pass. Infobox count is reported, not independently verified as a current engineering inventory.",FOUND,False,,"Wikipedia article infobox, reported secondary figure",,,,,,,,,,,,,3,Wikipedia,3W,https://en.wikipedia.org/w/index.php?oldid=1373087863,Reported platform positions; not independently verified current operational inventory
23,STKT,Sasthankotta,,Listed current by SR2025; no subsequent closure found,135.91,ERS via KTYM then KYJ,121.59,False,,,,,,Official current yard counts UNVERIFIED; separate mapped observations attached,SR2025,2025-04-01,,,,,,4,2,0,4,OSM geometry observed 2026-10-08; NOT current operational certification,"Two main roads and two connected outer loops visible. No platform geometry. Zero sidings means none separately mapped, not certified absence.",2026-10-08,2018-11-06T07:57:16Z / 2024-03-28T13:19:13Z,"https://api.openstreetmap.org/api/0.6/map?bbox=76.5898829,9.0233103,76.6078829,9.0413103",641478846;641478848;641478851;641478853;808639272;808639274,,,middle_observations.json#STKT,9.0314647,76.6009828,,,2,4,2,4,2,4,https://en.wikipedia.org/wiki/Sasthamkotta_railway_station,https://en.wikipedia.org/w/index.php?oldid=1370896931,1370896931,2026-08-23T16:50:22Z,2026-10-08,False,False,"No specific conflict identified in this pass. Infobox count is reported, not independently verified as a current engineering inventory.",FOUND,False,,"Wikipedia article infobox, reported secondary figure",,,,,,,,,,,,,2,Wikipedia,2W,https://en.wikipedia.org/w/index.php?oldid=1370896931,Reported platform positions; not independently verified current operational inventory
24,MQO,Munroturuttu,,Listed current by SR2025; no subsequent closure found,140.43,ERS via KTYM then KYJ,126.11,True,,,,,,Official current yard counts UNVERIFIED; separate mapped observations attached,SR2025,2025-04-01,,2,2,2,,2,0,0,2,OSM geometry observed 2026-10-08; NOT current operational certification,Two side platform outlines along two main roads. No loops or separate sidings mapped.,2026-10-08,2018-06-15T20:06:49Z / 2025-10-31T05:49:30Z,"https://api.openstreetmap.org/api/0.6/map?bbox=76.6029084,8.9859978,76.6209084,9.0039978",331666081;547319893;617379922;617379923;617379924;617379925;617379939;617379940;661604987;661604988;661604989;661604990,598192044;598192045,,middle_observations.json#MQO,8.9945309,76.6115842,,,2,2,2,2,2,2,https://en.wikipedia.org/wiki/Munroturuttu_railway_station,https://en.wikipedia.org/w/index.php?oldid=1376920840,1376920840,2026-09-27T00:32:02Z,2026-10-08,False,False,"No specific conflict identified in this pass. Infobox count is reported, not independently verified as a current engineering inventory.",FOUND,False,,"Wikipedia article infobox, reported secondary figure",,,,,,,,,,,,,2,Wikipedia,2W,https://en.wikipedia.org/w/index.php?oldid=1376920840,Reported platform positions; not independently verified current operational inventory
25,PRND,Perinad,,Listed current by SR2025; no subsequent closure found,146.31,ERS via KTYM then KYJ,131.99,False,,,,,,Official current yard counts UNVERIFIED; separate mapped observations attached,SR2025,2025-04-01,,,2,,,4,2,0,4,OSM geometry observed 2026-10-08; NOT current operational certification,Four parallel connected roads at station. Two platform outlines mapped; opposite-side/island face usage cannot be established from tags and alignment alone. Crossover excluded from siding count.,2026-10-08,2017-12-14T07:40:10Z / 2025-11-22T05:13:26Z,"https://api.openstreetmap.org/api/0.6/map?bbox=76.6113410,8.9389160,76.6293410,8.9569160",331666080;519646416;519646419;546758556;546758557;661604991;827739545,546758561;546758562,,middle_observations.json#PRND,8.9486074,76.6206762,,,2,4,2,4,2,4,https://en.wikipedia.org/wiki/Perinad_railway_station,https://en.wikipedia.org/w/index.php?oldid=1370811459,1370811459,2026-08-23T05:31:04Z,2026-10-08,False,False,"No specific conflict identified in this pass. Infobox count is reported, not independently verified as a current engineering inventory.",FOUND,False,,"Wikipedia article infobox, reported secondary figure",,,,,,,,,,,,,2,Wikipedia,2W,https://en.wikipedia.org/w/index.php?oldid=1370811459,Reported platform positions; not independently verified current operational inventory
26,QLN,Kollam Junction,,Listed current by SR2025; no subsequent closure found,155.50,ERS via KTYM then KYJ,141.18,False,,,,,,Official current yard counts UNVERIFIED; separate mapped observations attached,SR2025,2025-04-01,,,3,6,,,,,,OSM geometry observed 2026-10-08; NOT current operational certification,"Complex junction and service yard. Platform polygons refs 4;5, 2;3, 1;1A denote six numbered positions on three bodies. A mapped track named Platform Number 1B and shared long body make physical face total uncertain. Goods roads, MEMU-side yard and FCI spurs present; exact operational classification and inventory unresolved.",2026-10-08,2018-01-04T12:35:09Z / 2026-07-09T15:19:18Z,"https://api.openstreetmap.org/api/0.6/map?bbox=76.5847530,8.8745860,76.6087530,8.8985860",70655547;100989373;101010835;101010836;101048963;242026931;242026932;242027358;242027571;242027823;242028206;242028390;242028579;242028648;242028799;242028856;242028968;361727088;519646401;550863733;550863734;550863735;608428999;608429001;632923352;632923353;632923354;632923355;632923356;632923357;632923358;632923359;661604997;827738556;827738557;827739546;827739547;916892584;1452780012;1452780013;1452780014;1452780015;1452780016;1452780017,269265765;269266249;269272657,,middle_observations.json#QLN,8.8862192,76.5954829,,,"6 (1A,1,2,3,4,5)",17,6,17,"6 (1A,1,2,3,4,5)",17,https://en.wikipedia.org/wiki/Kollam_Junction_railway_station,https://en.wikipedia.org/w/index.php?oldid=1376697868,1376697868,2026-09-25T18:50:05Z,2026-10-08,False,False,"Six numbered platform positions explicitly listed as 1A,1,2,3,4,5. This is not automatically six uninterrupted physical boarding edges; OSM maps 3 platform bodies.",FOUND,False,*,"Wikipedia article infobox, reported secondary figure",,,,,,,,,,,,,6,Wikipedia,6W*,https://en.wikipedia.org/w/index.php?oldid=1376697868,Reported platform positions; not independently verified current operational inventory
27,IRP,Iravipuram,,Listed current by SR2025; no subsequent closure found,159.92,ERS via KTYM then KYJ,145.60,True,,,,,,Official current yard counts UNVERIFIED; separate mapped observations attached,SR2025,2025-04-01,,2,2,2,,2,0,0,2,OSM geometry observed 2026-10-08; NOT current operational certification,"Two side platforms, two main roads, no loops or separate sidings mapped.",2026-10-08,2017-06-30T03:44:44Z / 2025-11-21T11:06:18Z,"https://api.openstreetmap.org/api/0.6/map?bbox=76.6140590,8.8579480,76.6320590,8.8759480",101048963;608428999,256808986;256808987,,middle_observations.json#IRP,8.8667939,76.6247345,,,2,2,2,2,2,2,https://en.wikipedia.org/wiki/Eravipuram_railway_station,https://en.wikipedia.org/w/index.php?oldid=1370914859,1370914859,2026-08-23T18:07:34Z,2026-10-08,False,False,"No specific conflict identified in this pass. Infobox count is reported, not independently verified as a current engineering inventory.",FOUND,False,,"Wikipedia article infobox, reported secondary figure",,,,,,,,,,,,,2,Wikipedia,2W,https://en.wikipedia.org/w/index.php?oldid=1370914859,Reported platform positions; not independently verified current operational inventory
28,MYY,Mayyanad,,Listed current by SR2025; no subsequent closure found,164.25,ERS via KTYM then KYJ,149.93,True,,,,,,Official current yard counts UNVERIFIED; separate mapped observations attached,SR2025,2025-04-01,,,,,,2,0,0,2,OSM geometry observed 2026-10-08; NOT current operational certification,Two main roads mapped; platform geometry absent. No loops or separate sidings mapped.,2026-10-08,2025-11-21T11:06:18Z / 2025-11-21T11:06:18Z,"https://api.openstreetmap.org/api/0.6/map?bbox=76.6383310,8.8287590,76.6563310,8.8467590",101048963;608428999,,,middle_observations.json#MYY,8.8380291,76.6476808,,,2,2,2,2,2,2,https://en.wikipedia.org/wiki/Mayyanad_railway_station,https://en.wikipedia.org/w/index.php?oldid=1376811754,1376811754,2026-09-26T10:22:42Z,2026-10-08,False,False,"No specific conflict identified in this pass. Infobox count is reported, not independently verified as a current engineering inventory.",FOUND,False,,"Wikipedia article infobox, reported secondary figure",,,,,,,,,,,,,2,Wikipedia,2W,https://en.wikipedia.org/w/index.php?oldid=1376811754,Reported platform positions; not independently verified current operational inventory
29,PVU,Paravur,,Listed current by SR2025; no subsequent closure found,167.82,ERS via KTYM then KYJ,153.50,False,,,,,,Official current yard counts UNVERIFIED; separate mapped observations attached,SR2025,2025-04-01,,,,,,4,2,,,OSM geometry observed 2026-10-08; NOT current operational certification,Two main roads and two connected loops; an extra yard track and end stubs visible. Exact siding inventory unresolved; platform geometry absent.,2026-10-08,2018-07-16T18:39:03Z / 2025-11-24T08:40:10Z,"https://api.openstreetmap.org/api/0.6/map?bbox=76.6592380,8.8067580,76.6772380,8.8247580",101048983;378516712;519426841;519426845;519426849;608428996;608428998;641573556;641573557;641573558;641573559;641573560;641573561;827738558,,,middle_observations.json#PVU,8.8151309,76.6693434,,,3,5,3,5,3,5,https://en.wikipedia.org/wiki/Paravur_railway_station,https://en.wikipedia.org/w/index.php?oldid=1376799028,1376799028,2026-09-26T07:51:10Z,2026-10-08,False,False,"No specific conflict identified in this pass. Infobox count is reported, not independently verified as a current engineering inventory.",FOUND,False,,"Wikipedia article infobox, reported secondary figure",,,,,,,,,,,,,3,Wikipedia,3W,https://en.wikipedia.org/w/index.php?oldid=1376799028,Reported platform positions; not independently verified current operational inventory
30,KFI,Kappil,,Listed current by SR2025; no subsequent closure found,172.35,ERS via KTYM then KYJ,158.03,True,,,,,,Official current yard counts UNVERIFIED; separate mapped observations attached,SR2025,2025-04-01,,,,,,2,0,0,2,OSM geometry observed 2026-10-08; NOT current operational certification,Two main roads mapped; platform geometry absent. No loops or separate sidings mapped.,2026-10-08,2020-07-18T23:45:53Z / 2022-06-16T10:53:58Z,"https://api.openstreetmap.org/api/0.6/map?bbox=76.6706300,8.7704350,76.6886300,8.7884350",236119109;519646394;608428993;608428995,,,middle_observations.json#KFI,8.7795558,76.6792879,,,2,2,2,2,2,2,https://en.wikipedia.org/wiki/Kappil_railway_station,https://en.wikipedia.org/w/index.php?oldid=1371200140,1371200140,2026-08-25T04:15:01Z,2026-10-08,False,False,"No specific conflict identified in this pass. Infobox count is reported, not independently verified as a current engineering inventory.",FOUND,False,,"Wikipedia article infobox, reported secondary figure",,,,,,,,,,,,,2,Wikipedia,2W,https://en.wikipedia.org/w/index.php?oldid=1371200140,Reported platform positions; not independently verified current operational inventory
31,EVA,Edavai,,Listed current by SR2025; no subsequent closure found,175.20,ERS via KTYM then KYJ,160.88,False,,,,,,Official current yard counts UNVERIFIED; separate mapped observations attached,SR2025,2025-04-01,,,,,,2,0,0,2,OSM geometry observed 2026-10-08; NOT current operational certification,Two main roads mapped; platform geometry absent. No loops or separate sidings mapped.,2026-10-08,2018-08-17T09:17:14Z / 2022-06-16T10:53:58Z,"https://api.openstreetmap.org/api/0.6/map?bbox=76.6884770,8.7538830,76.7064770,8.7718830",236119109;608428993;617584064;617584065;617584066;617584067,,,middle_observations.json#EVA,8.7633333,76.6974939,,,,,,,,,,,,,,,,Standalone English station article not found under tested title; alternate titles or other-language coverage may exist.,Tested English title missing; aliases/languages may exist,False,,,,,,,2,,Number of Platforms: 2,https://d.indiarailinfo.com/station/map/edavai-eva/3524,2023-07-31 01:29,2026-10-08,Full indexed profile text returned by web search; direct retrieval unavailable,Profile platform total is explicitly reported. Section track category is not a numerical station track total.,2,India Rail Info,2I,https://d.indiarailinfo.com/station/map/edavai-eva/3524,Reported platform positions; not independently verified current operational inventory
32,VAK,Varkala Sivagiri,,Listed current by SR2025; no subsequent closure found,178.98,ERS via KTYM then KYJ,164.66,False,,,,,,Official current yard counts UNVERIFIED; separate mapped observations attached,SR2025,2025-04-01,,,2,,,4,2,,,OSM geometry observed 2026-10-08; NOT current operational certification,"Two main roads and two outer loops with several end stubs. Two platform polygons refs 1 and2; eastern polygon intersects mapped track, so face inventory not inferred from imperfect alignment. Siding total unresolved.",2026-10-08,2017-08-10T06:48:12Z / 2026-07-09T15:19:18Z,"https://api.openstreetmap.org/api/0.6/map?bbox=76.7138720,8.7317320,76.7318720,8.7497320",236119111;514398896;514398898;514398901;514398903;514398904;608428990;608428994;617584065;617584067;641573562;641573563;641573564;641573565;641573566;820369256;820369257;820369258,1536886969;1536886989,,middle_observations.json#VAK,8.7406369,76.723134,,,3,5,3,5,3,5,https://en.wikipedia.org/wiki/Varkala_Sivagiri_railway_station,https://en.wikipedia.org/w/index.php?oldid=1371011384,1371011384,2026-08-24T03:31:08Z,2026-10-08,False,False,"No specific conflict identified in this pass. Infobox count is reported, not independently verified as a current engineering inventory.",FOUND,False,,"Wikipedia article infobox, reported secondary figure",,,,,,,,,,,,,3,Wikipedia,3W,https://en.wikipedia.org/w/index.php?oldid=1371011384,Reported platform positions; not independently verified current operational inventory
33,AMY,Akathumuri,,Listed current by SR2025; no subsequent closure found,185.43,ERS via KTYM then KYJ,171.11,True,,,,,,Official current yard counts UNVERIFIED; separate mapped observations attached,SR2025,2025-04-01,,,,,,2,0,0,2,OSM geometry observed 2026-10-08; NOT current operational certification,Two main roads mapped; platform geometry absent. No loops or separate sidings mapped.,2026-10-08,2018-07-16T18:39:01Z / 2020-07-18T23:45:53Z,"https://api.openstreetmap.org/api/0.6/map?bbox=76.7497920,8.6913100,76.7677920,8.7093100",148462098;148462101;514385383;608428985;608428986;608428987,,,middle_observations.json#AMY,8.7006789,76.7585521,,,2,2,2,2,2,2,https://en.wikipedia.org/wiki/Akathumuri_railway_station,https://en.wikipedia.org/w/index.php?oldid=1370763412,1370763412,2026-08-22T23:57:51Z,2026-10-08,False,False,"No specific conflict identified in this pass. Infobox count is reported, not independently verified as a current engineering inventory.",FOUND,False,,"Wikipedia article infobox, reported secondary figure",,,,,,,,,,,,,2,Wikipedia,2W,https://en.wikipedia.org/w/index.php?oldid=1370763412,Reported platform positions; not independently verified current operational inventory
34,KVU,Kadakavur,,Listed current by SR2025; no subsequent closure found,188.19,ERS via KTYM then KYJ,173.87,False,,,,,,Official current yard counts UNVERIFIED; separate mapped observations attached,SR2025,2025-04-01,,,1,,,4,2,,,OSM geometry observed 2026-10-08; NOT current operational certification,"Two main roads and two outer connected loops with end extensions. Only one island-like platform polygon mapped, platform inventory incomplete.",2026-10-08,2017-08-10T05:37:57Z / 2020-07-18T23:45:53Z,"https://api.openstreetmap.org/api/0.6/map?bbox=76.7576720,8.6700780,76.7756720,8.6880780",514385379;514385380;514385381;514385383;608428984;641627315;641627317;661604992,514385382,,middle_observations.json#KVU,8.6786987,76.7676427,,,3,4,3,4,3,4,https://en.wikipedia.org/wiki/Kadakkavoor_railway_station,https://en.wikipedia.org/w/index.php?oldid=1376741290,1376741290,2026-09-26T00:09:55Z,2026-10-08,False,False,"No specific conflict identified in this pass. Infobox count is reported, not independently verified as a current engineering inventory. Track figure supplied separately by the city rail table; station infobox did not state tracks. Planned construction count is excluded.",FOUND,False,*,"Wikipedia article infobox, reported secondary figure",https://en.wikipedia.org/w/index.php?title=Thiruvananthapuram&oldid=1379039524#Rail,1379039524,2026-10-07T15:12:00Z,City rail table (not station infobox),,,,,,,,,3,Wikipedia,3W*,https://en.wikipedia.org/w/index.php?oldid=1376741290,Reported platform positions; not independently verified current operational inventory
35,CRY,Chirayinkeezh,,Listed current by SR2025; no subsequent closure found,191.25,ERS via KTYM then KYJ,176.93,False,,,,,,Official current yard counts UNVERIFIED; separate mapped observations attached,SR2025,2025-04-01,,,,,,2,0,0,2,OSM geometry observed 2026-10-08; NOT current operational certification,Two main roads mapped; platform geometry absent. No loops or separate sidings mapped.,2026-10-08,2021-01-12T17:57:42Z / 2026-08-11T06:59:21Z,"https://api.openstreetmap.org/api/0.6/map?bbox=76.7763703,8.6493379,76.7943703,8.6673379",738434644;738434645;738434649;894664081;965152734;965152735;965152736;965152737;965152745;965152746;965152747;965152748,,,middle_observations.json#CRY,8.6595556,76.7855551,,,2,2,2,2,2,2,https://en.wikipedia.org/wiki/Chirayinkeezhu_railway_station,https://en.wikipedia.org/w/index.php?oldid=1370894752,1370894752,2026-08-23T16:41:08Z,2026-10-08,False,False,"No specific conflict identified in this pass. Infobox count is reported, not independently verified as a current engineering inventory.",FOUND,False,,"Wikipedia article infobox, reported secondary figure",,,,,,,,,,,,,2,Wikipedia,2W,https://en.wikipedia.org/w/index.php?oldid=1370894752,Reported platform positions; not independently verified current operational inventory
36,PGZ,Perunguzhi,,Listed current by SR2025; no subsequent closure found,195.29,ERS via KTYM then KYJ,180.97,True,,,,,,Official current yard counts UNVERIFIED; separate mapped observations attached,SR2025,2025-04-01,,,,,,2,0,0,2,OSM geometry observed 2026-10-08; NOT current operational certification,Two main roads mapped; platform geometry absent. No loops or separate sidings mapped.,2026-10-08,2025-04-17T08:41:30Z / 2026-07-20T06:27:21Z,"https://api.openstreetmap.org/api/0.6/map?bbox=76.7992110,8.6225610,76.8172110,8.6405610",796439515;965152762,,954581495,middle_observations.json#PGZ,8.6317315,76.8081619,,,,,,,,,,,,,,,,Standalone English station article not found under tested title; alternate titles or other-language coverage may exist.,Tested English title missing; aliases/languages may exist,False,,,,,,,2,,Number of Platforms: 2,https://indiarailinfo.com/station/blog/perunguzhi-pgz/3526,2024-10-05 09:30,2026-10-08,Full indexed profile text returned by web search; direct retrieval unavailable,Profile platform total is explicitly reported. Section track category is not a numerical station track total.,2,India Rail Info,2I,https://indiarailinfo.com/station/blog/perunguzhi-pgz/3526,Reported platform positions; not independently verified current operational inventory
37,MQU,Murukkampuzha,,Listed current by SR2025; no subsequent closure found,198.70,ERS via KTYM then KYJ,184.38,False,,,,,,Official current yard counts UNVERIFIED; separate mapped observations attached,SR2025,2025-04-01,,2,2,2,,3,1,1,4,OSM geometry observed 2026-10-08; NOT current operational certification,Two main roads plus western connected loop and southern dead-end extension. Two outer-side platform polygons. Proposed standard-gauge Silver Line excluded from existing rail inventory.,2026-10-08,2018-11-06T16:30:15Z / 2026-07-20T06:27:21Z,"https://api.openstreetmap.org/api/0.6/map?bbox=76.8212450,8.6046300,76.8392450,8.6226300",90772767;608428982;641627321;641627322;641627325;796439515;796439516;827889067;827889068;965152762;1536886962,1409282832;1409282833,954581495,middle_observations.json#MQU,8.6131373,76.8304901,,,,,,,,,,,,,,,,Standalone English station article not found under tested title; alternate titles or other-language coverage may exist.,Tested English title missing; aliases/languages may exist,False,,,,,,,2,,Number of Platforms: 2,https://indiarailinfo.com/station/map/kadakavur-kvu/2782,2024-10-04 19:13,2026-10-08,Full indexed profile text returned by web search; direct retrieval unavailable,"Profile platform total is explicitly reported. Section track category is not a numerical station track total. URL slug names another station, but numeric profile ID and page heading explicitly identify this station.",2,India Rail Info,2I,https://indiarailinfo.com/station/map/kadakavur-kvu/2782,Reported platform positions; not independently verified current operational inventory
38,KXP,Kaniyapuram,,Listed current by SR2025; no subsequent closure found,202.59,ERS via KTYM then KYJ,188.27,True,,,,,,Official current yard counts UNVERIFIED; separate mapped observations attached,SR2025,2025-04-01,,,,,,2,0,0,2,OSM geometry observed 2026-10-08; NOT current operational certification,Two main roads mapped; platform geometry absent. Proposed Silver Line and proposed metro excluded.,2026-10-08,2026-01-06T10:54:07Z / 2026-07-20T06:27:21Z,"https://api.openstreetmap.org/api/0.6/map?bbox=76.8454820,8.5786120,76.8634820,8.5966120",90772767;608428982,,851795110;954581495,middle_observations.json#KXP,8.5874032,76.854403,,,2,,2,,2,,https://en.wikipedia.org/wiki/Thiruvananthapuram#Rail,https://en.wikipedia.org/w/index.php?title=Thiruvananthapuram&oldid=1379039524#Rail,1379039524,2026-10-07T15:12:00Z,2026-10-08,False,False,"Cityrailtable reports2platforms,trackcellblank; OSMplatformfootprintsabsent.",FOUND,False,*,"Wikipedia city article rail table, reported secondary figure",,,,,,,,,,,,,2,Wikipedia,2W*,https://en.wikipedia.org/w/index.php?title=Thiruvananthapuram&oldid=1379039524#Rail,Reported platform positions; not independently verified current operational inventory
39,KZK,Kazhakuttam,,Listed current by SR2025; no subsequent closure found,206.61,ERS via KTYM then KYJ,192.29,False,,,,,,Official current yard counts UNVERIFIED; separate mapped observations attached,SR2025,2025-04-01,,,,,,4,2,,,OSM geometry observed 2026-10-08; NOT current operational certification,"Two main roads and two outer connected loops, industrial spurs and end stubs. Siding total unresolved; platform geometry absent. Proposed Silver Line excluded.",2026-10-08,2018-11-06T16:30:15Z / 2026-07-20T06:27:21Z,"https://api.openstreetmap.org/api/0.6/map?bbox=76.8632350,8.5468480,76.8812350,8.5648480",90772767;98623852;98623876;98623887;608428982;641627329;641627331;641627334;641627336;641627338;641627339,,954581495,middle_observations.json#KZK,8.556815,76.8727534,,,3,4,3,4,3,4,https://en.wikipedia.org/wiki/Thiruvananthapuram#Rail,https://en.wikipedia.org/w/index.php?title=Thiruvananthapuram&oldid=1379039524#Rail,1379039524,2026-10-07T15:12:00Z,2026-10-08,False,False,Cityrailtable reports3platforms/4tracks; OSMplatformfootprintsabsent.,FOUND,False,*,"Wikipedia city article rail table, reported secondary figure",,,,,3,,Number of Platforms: 3,https://indiarailinfo.com/station/map/thiruvananthapuram-north-kochuveli-tvcn/2764,2024-06-22 17:58,2026-10-08,Full indexed profile text returned by web search; direct retrieval unavailable,"Profile platform total is explicitly reported. Section track category is not a numerical station track total. URL slug names another station, but numeric profile ID and page heading explicitly identify this station.",3,Wikipedia,3W*,https://en.wikipedia.org/w/index.php?title=Thiruvananthapuram&oldid=1379039524#Rail,Reported platform positions; not independently verified current operational inventory
40,VELI,Veli,,Listed current by SR2025; no subsequent closure found,210.80,ERS via KTYM then KYJ,196.48,True,,,,,,Official current yard counts UNVERIFIED; separate mapped observations attached,SR2025,2025-04-01,2025 map prints VE; current passenger code VELI requires official reconciliation,,1,,,2,0,0,2,OSM geometry observed 2026-10-08; NOT current operational certification,"Only platform1 outline mapped; platform inventory incomplete. Crossover is northward approach toward TVCN, not a station siding. Proposed Silver Line excluded.",2026-10-08,2018-11-06T16:30:25Z / 2026-07-09T05:00:08Z,"https://api.openstreetmap.org/api/0.6/map?bbox=76.8739192,8.5135365,76.8919192,8.5315365",90772756;90772767;236967348;315266850;608428982;762403625;762403627,1133473137,1464569646,middle_observations.json#VELI,8.5228086,76.8827792,,,3,4,3,4,3,4,https://en.wikipedia.org/wiki/Thiruvananthapuram#Rail,https://en.wikipedia.org/w/index.php?title=Thiruvananthapuram&oldid=1379039524#Rail,1379039524,2026-10-07T15:12:00Z,2026-10-08,False,False,Cityrailtable reports3platforms/4tracks; OSMmaps2mainroads andonepartialplatform. Needs independentcorroboration; do not treat as confirmedcurrentinventory.,FOUND,False,*,"Wikipedia city article rail table, reported secondary figure",,,,,1,,Number of Platforms: 1,https://indiarailinfo.com/station/map/thiruvananthapuram-central-trivandrum-tvc/3528,2024-09-22 12:19,2026-10-08,Full indexed profile text returned by web search; direct retrieval unavailable,"Profile platform total is explicitly reported. Section track category is not a numerical station track total. Conflicts with Wikipedia city table: 3 platforms and 4 tracks. Keep both figures; no adjudicated current total. URL slug names another station, but numeric profile ID and page heading explicitly identify this station.",DISPUTED: Wikipedia 3; IRI 1,"Wikipedia city table / India Rail Info, conflicting",3W/1I*,https://en.wikipedia.org/w/index.php?title=Thiruvananthapuram&oldid=1379039524#Rail,Reported platform positions; not independently verified current operational inventory
41,TVCN,Thiruvananthapuram North,KCVL / Kochuveli,Listed current by SR2025; no subsequent closure found,213.74,ERS via KTYM then KYJ,199.42,False,,,,,,Official current yard counts UNVERIFIED; separate mapped observations attached,SR2025,2025-04-01,,6,4,6,,,,,,OSM geometry observed 2026-10-08; NOT current operational certification,"Four platform bodies refs1,2;3,4;5,6 give six distinct mapped faces. Yard and stabling/pit roads present, but exact track classification/inventory unresolved. Extra footway-tagged platform way1409254309 is not counted as a fifth body. Proposed Silver Line excluded.",2026-10-08,2018-11-06T16:30:16Z / 2026-07-09T05:00:08Z,"https://api.openstreetmap.org/api/0.6/map?bbox=76.8841000,8.4972540,76.9081000,8.5212540",90772756;90772767;98623858;236967348;315266850;427081232;427081233;519426852;608428982;641627341;641627345;641627347;641627350;641627352;641627355;641627357;641627360;641627362;641627364;641627366;641627368;762403625;762403627;1011066125;1011066126;1534226864,427081226;427081231;519426843;519426847;1409254309,1464569645;1464569646,middle_observations.json#TVCN,8.5103341,76.8970471,,,6,13,6,13,6,13,https://en.wikipedia.org/wiki/Thiruvananthapuram_North_railway_station,https://en.wikipedia.org/w/index.php?oldid=1371326616,1371326616,2026-08-25T22:40:55Z,2026-10-08,False,False,Infobox reports 6 platforms and 13 tracks. Article discusses future expansion to 10 platforms; planned figure is not counted.,FOUND,False,*,"Wikipedia article infobox, reported secondary figure",,,,,,,,,,,,,6,Wikipedia,6W*,https://en.wikipedia.org/w/index.php?oldid=1371326616,Reported platform positions; not independently verified current operational inventory
42,TVP,Thiruvananthapuram Pettah,,Listed current by SR2025; no subsequent closure found,217.49,ERS via KTYM then KYJ,203.17,False,,,,,,Official current yard counts UNVERIFIED; separate mapped observations attached,SR2025,2025-04-01,,2,2,2,,2,0,0,2,OSM geometry observed 2026-10-08; NOT current operational certification,Two side platforms on the two main roads. No loops or separate sidings mapped.,2026-10-08,2022-07-26T18:43:22Z / 2026-07-08T10:08:07Z,"https://api.openstreetmap.org/api/0.6/map?bbox=76.9226730,8.4855240,76.9406730,8.5035240",385040650;608428979,1081587507;1081587508,,middle_observations.json#TVP,8.4950282,76.9317754,,,2,2,2,2,2,2,https://en.wikipedia.org/wiki/Thiruvananthapuram_Pettah_railway_station,https://en.wikipedia.org/w/index.php?oldid=1371326624,1371326624,2026-08-25T22:40:56Z,2026-10-08,False,False,"No specific conflict identified in this pass. Infobox count is reported, not independently verified as a current engineering inventory.",FOUND,False,,"Wikipedia article infobox, reported secondary figure",,,,,,,,,,,,,2,Wikipedia,2W,https://en.wikipedia.org/w/index.php?oldid=1371326624,Reported platform positions; not independently verified current operational inventory
43,TVC,Thiruvananthapuram Central,,Listed current by SR2025; no subsequent closure found,219.98,ERS via KTYM then KYJ,205.66,False,,,,,,Official current yard counts UNVERIFIED; separate mapped observations attached,SR2025,2025-04-01,,5,3,5,,,,,,OSM geometry observed 2026-10-08; NOT current operational certification,"Three platform bodies: west4/5, middle2/3, east unnumbered side body, totaling five mapped faces. Complex coach-care and yard roads; exact loop/siding/track inventory unresolved. Proposed metro excluded.",2026-10-08,2018-11-07T12:37:03Z / 2026-07-08T10:08:07Z,"https://api.openstreetmap.org/api/0.6/map?bbox=76.94321,8.478679000000001,76.95920999999998,8.494679",385040650;404118735;404118736;404118737;404118738;608428979;641650009;641650010;641650011;641650012;641650014;641650015;641650016;641650017;641863868;641863869;641863870;641863871;641863872;641863873;641863874;641863875;641863876;641863877;641863878;641863879;641863880;641863881;641863882;641863883;641863884;641863885;641863886;641863887;641863888;661604994;661604998;669062978;669062979;818130829;818130830;818130831;818130832;818130833;827854391;827854395;827854396;1311408246;1311408266,404118734;404118740;921797273,851795110,middle_observations.json#TVC,8.4870167,76.9526408,,,5,16,5,16,5,16,https://en.wikipedia.org/wiki/Thiruvananthapuram_Central_railway_station,https://en.wikipedia.org/w/index.php?oldid=1371439179,1371439179,2026-08-26T12:51:10Z,2026-10-08,False,False,"No specific conflict identified in this pass. Infobox count is reported, not independently verified as a current engineering inventory.",FOUND,False,,"Wikipedia article infobox, reported secondary figure",,,,,,,,,,,,,5,Wikipedia,5W,https://en.wikipedia.org/w/index.php?oldid=1371439179,Reported platform positions; not independently verified current operational inventory
44,TVCS,Thiruvananthapuram South,NEM / Nemom,Listed current by SR2025; no subsequent closure found,227.70,ERS via KTYM then KYJ,213.38,False,,,,,,Official current yard counts UNVERIFIED; separate mapped observations attached,SR2025,2025-04-01,,,,,2,,,,,OSM geometry observed 2026-10-08; NOT current operational certification,Two mapped rail roads through station area: one main alignment and a connected loop with short dead-end extensions at both ends. No platform geometry mapped. Terminal redevelopment may have added unrecorded roads/platforms; do not use as 2026 operational total.,2026-10-08,2018-11-08T04:29:32Z / 2025-03-13T06:48:30Z,"https://api.openstreetmap.org/api/0.6/map?bbox=77.0006930,8.4462330,77.0186930,8.4642330",397808851;642058763;642058764;642058765,,,south_observations.json#TVCS,8.4538721,77.0104923,1,2,2,3,2,3,2,3 (12*) ; * Indicates currently under construction,https://en.wikipedia.org/wiki/Thiruvananthapuram_South_railway_station,https://en.wikipedia.org/w/index.php?oldid=1376454705,1376454705,2026-09-24T06:13:01Z,2026-10-08,False,False,Infobox reports 2 platforms. Separate body proposal for 5 platforms is future development and not counted. Old NEM code on Wikipedia does not override official TVCS code. Track figure supplied separately by the city rail table; station infobox did not state tracks. Planned construction count is excluded.,FOUND,False,*,"Wikipedia article infobox, reported secondary figure",https://en.wikipedia.org/w/index.php?title=Thiruvananthapuram&oldid=1379039524#Rail,1379039524,2026-10-07T15:12:00Z,City rail table (not station infobox),,,,,,,,,2,Wikipedia,2W*,https://en.wikipedia.org/w/index.php?oldid=1376454705,Reported platform positions; not independently verified current operational inventory
45,BRAM,Balaramapuram,,Listed current by SR2025; no subsequent closure found,233.21,ERS via KTYM then KYJ,218.89,True,,,,,,Official current yard counts UNVERIFIED; separate mapped observations attached,SR2025,2025-04-01,,1,1,,1,,,,,OSM geometry observed 2026-10-08; NOT current operational certification,One mapped main rail alignment and one side-platform polygon. Proposed Vizhinjam freight link is explicitly railway=proposed and excluded. No mapped loop; current doubling/port works not inferred complete.,2026-10-08,2021-01-02T21:18:53Z / 2023-10-25T06:26:14Z,"https://api.openstreetmap.org/api/0.6/map?bbox=77.0423209,8.4211075,77.0603209,8.4391075",385040651;397808847;548373998;548373999,566006171,566006169,south_observations.json#BRAM,8.429903,77.0519047,0,0,1,,1,,1,,https://en.wikipedia.org/wiki/Thiruvananthapuram#Rail,https://en.wikipedia.org/w/index.php?title=Thiruvananthapuram&oldid=1379039524#Rail,1379039524,2026-10-07T15:12:00Z,2026-10-08,False,False,"Cityrailtable reports1platform,trackcellblank; matches one mappedsideplatform.",FOUND,False,*,"Wikipedia city article rail table, reported secondary figure",,,,,1,,Number of Platforms: 1,https://indiarailinfo.com/station/map/thiruvananthapuram-south-nemom-tvcs/3529,2024-09-07 14:55,2026-10-08,Full indexed profile text returned by web search; direct retrieval unavailable,"Profile platform total is explicitly reported. Section track category is not a numerical station track total. URL slug names another station, but numeric profile ID and page heading explicitly identify this station.",1,Wikipedia,1W*,https://en.wikipedia.org/w/index.php?title=Thiruvananthapuram&oldid=1379039524#Rail,Reported platform positions; not independently verified current operational inventory
46,NYY,Neyyattinkara,,Listed current by SR2025; no subsequent closure found,237.08,ERS via KTYM then KYJ,222.76,False,,,,,,Official current yard counts UNVERIFIED; separate mapped observations attached,SR2025,2025-04-01,,,,,2,,,,,OSM geometry observed 2026-10-08; NOT current operational certification,One main and one crossing-loop alignment at station centre; an additional short connected branch on loop south end creates a local third road. No platform geometry. Siding service tags are not operating classifications.,2026-10-08,2018-11-08T04:29:33Z / 2022-06-22T05:59:03Z,"https://api.openstreetmap.org/api/0.6/map?bbox=77.0721100,8.4014100,77.0901100,8.4194100",385040651;642058766;642058767,,,south_observations.json#NYY,8.4100639,77.0816275,1,0,2,2,2,2,2,2,https://en.wikipedia.org/wiki/Neyyattinkara_railway_station,https://en.wikipedia.org/w/index.php?oldid=1370959079,1370959079,2026-08-23T22:51:46Z,2026-10-08,False,False,Infobox reports 2 platforms and 2 tracks; article notes weak inline sourcing. Ongoing doubling/redevelopment can make an uncited count stale.,FOUND,False,*,"Wikipedia article infobox, reported secondary figure",,,,,,,,,,,,,2,Wikipedia,2W*,https://en.wikipedia.org/w/index.php?oldid=1370959079,Reported platform positions; not independently verified current operational inventory
47,AMVA,Amaravila,,Listed current by SR2025; no subsequent closure found,240.00,ERS via KTYM then KYJ,225.68,True,,,,,,Official current yard counts UNVERIFIED; separate mapped observations attached,SR2025,2025-04-01,,,,,1,,,,,OSM geometry observed 2026-10-08; NOT current operational certification,One mapped main alignment; no platform objects. Absence of platform polygons does not mean zero platforms. Bridge split ways constitute one physical road.,2026-10-08,2021-01-02T21:21:11Z / 2025-12-17T11:55:07Z,"https://api.openstreetmap.org/api/0.6/map?bbox=77.0913620,8.3881090,77.1093620,8.4061090",31546483;385040649,,,south_observations.json#AMVA,8.3965301,77.1006206,0,0,,,,,,,,,,,,,,Standalone English station article not found under tested title; alternate titles or other-language coverage may exist.,Tested English title missing; aliases/languages may exist,False,,,,,,,1,,Number of Platforms: 1,https://srv21.indiarailinfo.com/station/map/amaravila-amva/4791,2024-10-02 22:58,2026-10-08,Full indexed profile text returned by web search; direct retrieval unavailable,Profile platform total is explicitly reported. Section track category is not a numerical station track total.,1,India Rail Info,1I,https://srv21.indiarailinfo.com/station/map/amaravila-amva/4791,Reported platform positions; not independently verified current operational inventory
48,DAVM,Dhanuvachapuram,,Listed current by SR2025; no subsequent closure found,243.50,ERS via KTYM then KYJ,229.18,True,,,,,,Official current yard counts UNVERIFIED; separate mapped observations attached,SR2025,2025-04-01,,,,,1,,,,,OSM geometry observed 2026-10-08; NOT current operational certification,"One mapped main alignment; no platform polygons. Source mainline last edited December 2025, not evidence of 2026 commissioning.",2026-10-08,2025-12-17T11:55:07Z / 2025-12-17T11:55:07Z,"https://api.openstreetmap.org/api/0.6/map?bbox=77.1153520,8.3698020,77.1333520,8.3878020",31546483,,,south_observations.json#DAVM,8.3783066,77.1258416,0,0,,,,,,,,,,,,,,Standalone English station article not found under tested title; alternate titles or other-language coverage may exist.,Tested English title missing; aliases/languages may exist,False,,,,,,,2,,Number of Platforms: 2,https://indiarailinfo.com/station/map/2774,,2026-10-08,Full indexed profile text returned by web search; direct retrieval unavailable,Profile platform total is explicitly reported. Section track category is not a numerical station track total. Profile classifies line as construction/doubling; whether both platforms are currently operational is unresolved.,2,India Rail Info,2I,https://indiarailinfo.com/station/map/2774,Reported platform positions; not independently verified current operational inventory
49,PASA,Parassala,,Listed current by SR2025; no subsequent closure found,249.56,ERS via KTYM then KYJ,235.24,False,,,,,,Official current yard counts UNVERIFIED; separate mapped observations attached,SR2025,2025-04-01,,,,,2,,,,,OSM geometry observed 2026-10-08; NOT current operational certification,One mapped main alignment and connected crossing loop with two short dead-end extensions. No platform objects. Do not count three OSM siding ways as three roads.,2026-10-08,2018-11-08T04:29:33Z / 2025-12-17T11:55:07Z,"https://api.openstreetmap.org/api/0.6/map?bbox=77.1564897,8.3308400,77.1744897,8.3488400",31546483;547346149;642058768;642058769;642058770,,,south_observations.json#PASA,8.3397236,77.165665,1,2,2,2,2,2,2,2,https://en.wikipedia.org/wiki/Parassala_railway_station,https://en.wikipedia.org/w/index.php?oldid=1376791810,1376791810,2026-09-26T06:40:11Z,2026-10-08,False,False,"No specific conflict identified in this pass. Infobox count is reported, not independently verified as a current engineering inventory.",FOUND,False,,"Wikipedia article infobox, reported secondary figure",,,,,,,,,,,,,2,Wikipedia,2W,https://en.wikipedia.org/w/index.php?oldid=1376791810,Reported platform positions; not independently verified current operational inventory
50,KZTW,Kulitturai West,,Listed current by SR2025; no subsequent closure found,254.73,ERS via KTYM then KYJ,240.41,True,,,,,,Official current yard counts UNVERIFIED; separate mapped observations attached,SR2025,2025-04-01,,,,,1,,,,,OSM geometry observed 2026-10-08; NOT current operational certification,"One mapped main alignment, divided into bridge/non-bridge ways. No platform objects. Seven ways are not seven tracks.",2026-10-08,2021-01-02T17:50:38Z / 2021-01-02T21:40:27Z,"https://api.openstreetmap.org/api/0.6/map?bbox=77.2007920,8.3147340,77.2187920,8.3327340",146626683;256000172;256000173;547346150;547434722;547434723;547434725,,,south_observations.json#KZTW,8.323969,77.2087877,0,0,,,,,,,,,,,,,,Standalone English station article not found under tested title; alternate titles or other-language coverage may exist.,Tested English title missing; aliases/languages may exist,False,,,,,,,1,,Number of Platforms: 1,https://d.indiarailinfo.com/station/map/2775,2024-09-07 15:04,2026-10-08,Full indexed profile text returned by web search; direct retrieval unavailable,Profile platform total is explicitly reported. Section track category is not a numerical station track total.,1,India Rail Info,1I,https://d.indiarailinfo.com/station/map/2775,Reported platform positions; not independently verified current operational inventory
51,KZT,Kulitturai,,Listed current by SR2025; no subsequent closure found,257.87,ERS via KTYM then KYJ,243.55,False,,,,,,Official current yard counts UNVERIFIED; separate mapped observations attached,SR2025,2025-04-01,,,,,2,,,,,OSM geometry observed 2026-10-08; NOT current operational certification,Two mapped roads at station marker; short additional connected yard branch creates three locally north of marker. No platform geometry. Exact operational road use unresolved.,2026-10-08,2018-11-08T04:29:33Z / 2023-01-11T07:24:26Z,"https://api.openstreetmap.org/api/0.6/map?bbox=77.2098170,8.2933480,77.2278170,8.3113480",146626681;547434724;547434725;642058771;642058772,,,south_observations.json#KZT,8.3013061,77.2186619,1,0,2,2,2,2,2,2,https://en.wikipedia.org/wiki/Kuzhithura_railway_station,https://en.wikipedia.org/w/index.php?title=Kuzhithura_railway_station&oldid=1371323899,1371323899,2026-08-25T22:27:00Z,2026-10-08,False,False,Article title uses Kuzhithura; body uses Kuzhithurai and official register uses Kulitturai. Earlier exact-title lookup missed this alias. Infobox and body report 2 platforms; infobox reports 2 tracks. IRI independently reports 2 platforms.,FOUND,False,*,"Wikipedia article infobox, reported secondary figure",,,,,2,,Number of Platforms: 2,https://indiarailinfo.com/station/map/kulitturai-kzt/803,2023-01-16 11:08,2026-10-08,Direct opened profile,Profile platform total is explicitly reported. Section track category is not a numerical station track total.,2,Wikipedia,2W*,https://en.wikipedia.org/w/index.php?title=Kuzhithura_railway_station&oldid=1371323899,Reported platform positions; not independently verified current operational inventory
52,PYD,Palliyadi,,Listed current by SR2025; no subsequent closure found,264.11,ERS via KTYM then KYJ,249.79,True,,,,,,Official current yard counts UNVERIFIED; separate mapped observations attached,SR2025,2025-04-01,,,,,1,,,,,OSM geometry observed 2026-10-08; NOT current operational certification,One mapped main alignment; no platform objects. Do not infer current platform count from absence of mapping.,2026-10-08,2024-10-01T03:16:22Z / 2024-10-01T03:16:22Z,"https://api.openstreetmap.org/api/0.6/map?bbox=77.2506830,8.2561500,77.2686830,8.2741500",206074319,,,south_observations.json#PYD,8.2658289,77.2593995,0,0,,,,,,,,,,,,,,Standalone English station article not found under tested title; alternate titles or other-language coverage may exist.,Tested English title missing; aliases/languages may exist,False,,,,,,,1,,Number of Platforms: 1,https://indiarailinfo.com/station/map/palliyadi-pyd/2776,2024-10-01 19:10,2026-10-08,Full indexed profile text returned by web search; direct retrieval unavailable,Profile platform total is explicitly reported. Section track category is not a numerical station track total.,1,India Rail Info,1I,https://indiarailinfo.com/station/map/palliyadi-pyd/2776,Reported platform positions; not independently verified current operational inventory
53,ERL,Eraniel,,Listed current by SR2025; no subsequent closure found,272.62,ERS via KTYM then KYJ,258.30,False,,,,,,Official current yard counts UNVERIFIED; separate mapped observations attached,SR2025,2025-04-01,,2,2,,2,,,,,OSM geometry observed 2026-10-08; NOT current operational certification,"Two normal railway=rail roads at station marker, short southern dead-end yard siding, two side-platform polygons. Separate third alignment tagged railway=construction is excluded. Mapping predates reported March 2026 doubling and is not current operational total.",2026-10-08,2020-09-23T16:31:34Z / 2025-12-17T11:41:33Z,"https://api.openstreetmap.org/api/0.6/map?bbox=77.2991610,8.2035490,77.3171610,8.2215490",256075026;256080323;547326373;642058773;642058774,850565293;850565294,1180712994;1180712997,south_observations.json#ERL,8.213429,77.3076322,1,1,2,2,2,2,2,2,https://en.wikipedia.org/wiki/Eraniel_railway_station,https://en.wikipedia.org/w/index.php?oldid=1376686764,1376686764,2026-09-25T17:37:53Z,2026-10-08,False,False,Infobox reports 2 platforms and 2 tracks. Reported March2026 doubling and older OSM construction tags mean current post-remodelling inventory needs checking.,FOUND,False,*,"Wikipedia article infobox, reported secondary figure",,,,,,,,,,,,,2,Wikipedia,2W*,https://en.wikipedia.org/w/index.php?oldid=1376686764,Reported platform positions; not independently verified current operational inventory
54,VRLR,Viranialur,,Listed current by SR2025; no subsequent closure found,280.07,ERS via KTYM then KYJ,265.75,True,,,,,,Official current yard counts UNVERIFIED; separate mapped observations attached,SR2025,2025-04-01,,,,,1,,,,,OSM geometry observed 2026-10-08; NOT current operational certification,One normal rail alignment plus parallel railway=construction alignment. No platform polygons. December 2025 construction tag may be stale after reported March 2026 commissioning; current double-line status requires later official evidence.,2026-10-08,2025-10-02T05:31:37Z / 2025-12-17T11:41:33Z,"https://api.openstreetmap.org/api/0.6/map?bbox=77.3596992,8.1856449,77.3776992,8.2036449",256080322,,1180712994,south_observations.json#VRLR,8.1941814,77.3680219,0,0,1,1,1,1,1,1,https://en.wikipedia.org/wiki/Viranialur_railway_station,https://en.wikipedia.org/w/index.php?oldid=1362203851,1362203851,2026-07-02T13:59:00Z,2026-10-08,False,False,Infoboxandbody report1platform/1track. Likely older than reported2026doubling; retain reportedfigure with conflictflag.,FOUND,False,*,"Wikipedia station article infobox, reported secondary figure",,,,,,,,,,,,,1,Wikipedia,1W*,https://en.wikipedia.org/w/index.php?oldid=1362203851,Reported platform positions; not independently verified current operational inventory
55,NJT,Nagercoil Town,,Listed current by SR2025; no subsequent closure found,285.99,ERS via KTYM then KYJ,271.67,False,,,,,,Official current yard counts UNVERIFIED; separate mapped observations attached,SR2025,2025-04-01,,,2,,1,,,,,OSM geometry observed 2026-10-08; NOT current operational certification,"One normal rail alignment and a second tagged railway=construction, with two long platform bodies on opposite sides. One normal-rail-adjacent face and one construction-side face in mapped geometry; do not report two current operational platforms without evidence. Both geometry and tagging predate 2026 commissioning.",2026-10-08,2023-06-09T16:54:51Z / 2025-12-17T11:41:33Z,"https://api.openstreetmap.org/api/0.6/map?bbox=77.4104318,8.1905718,77.4284318,8.2085718",256080322,383031394;1180712996,1180712994,south_observations.json#NJT,8.1996884,77.4202391,0,0,3,3,3,3,3,3,https://en.wikipedia.org/wiki/Nagercoil_Town_railway_station,https://en.wikipedia.org/w/index.php?oldid=1370954565,1370954565,2026-08-23T22:29:25Z,2026-10-08,False,False,"Internal conflict: infobox reports 3 platforms and 3 tracks, while body says only one platform. Display 3 as the infobox-reported count, flagged disputed. OSM records two bodies, one adjoining older construction-tagged geometry.",FOUND,False,*,"Wikipedia article infobox, reported secondary figure",,,,,,,,,,,,,3,Wikipedia,3W*,https://en.wikipedia.org/w/index.php?oldid=1370954565,Reported platform positions; not independently verified current operational inventory
56,NCJ,Nagercoil Junction,,Listed current by SR2025; no subsequent closure found,291.03,ERS via KTYM then KYJ,276.71,False,,,,,,Official current yard counts UNVERIFIED; separate mapped observations attached,SR2025,2025-04-01,,4,2,,13,,,,,OSM geometry observed 2026-10-08; NOT current operational certification,"Complex mapped yard: 13 railway=rail centreline crossings at entrance-marker transect and 15 at +100 m, including yard/service roads, not an official station-line total. Two platform bodies depict main side/bay arrangement plus island; four historical platform positions inferred with separate 1A bay evidence. Several short sidings lie outside central transect. Approach construction tags are stale relative to official 2025 NJT-CAPE dedication; current 2026 remodelling totals unresolved.",2026-10-08,2018-11-08T04:29:33Z / 2025-12-17T11:41:33Z,"https://api.openstreetmap.org/api/0.6/map?bbox=77.4314700,8.1618500,77.4554700,8.1858500",96235911;96235954;96236013;96236046;256080322;383031399;383031401;383031403;514385386;514385387;514385388;514385389;514385390;514385391;642058776;642058777;642058778;642058779;642058780;642058781;642058782;642058783;642061244;642061245;642061246;642061247;992276367;992276368;992276369;992488427;1180712998;1239339982;1294719458;1302623380;1302623382;1302623383;1344797413;1434793650;1434794786;1434794787;1434794788;1434794789;1434794790;1434795154;1434795155;1434795156;1434795158;1434795159,514385384;514385385,1180712994,south_observations.json#NCJ,8.174535,77.4438789,,,4,12,4,12,4<ref>{{cite web |title=54 Departures from Nagercoil SR/Southern Zone - Railway Enquiry |url=https://indiarailinfo.com/departures/801?bedroll=undefined& |website=indiarailinfo.com |access-date=30 March 2024}}</ref>,12,https://en.wikipedia.org/wiki/Nagercoil_Junction_railway_station,https://en.wikipedia.org/w/index.php?oldid=1370954564,1370954564,2026-08-23T22:29:23Z,2026-10-08,True,False,Infobox reports 4 platforms and 12 tracks. Body mixes historic2015 depot counts and stale single-line description toward TVC. Those claims do not override primary NJT-NCJ doubling evidence.,FOUND,False,*,"Wikipedia article infobox, reported secondary figure",,,,,,,,,,,,,4,Wikipedia,4W*,https://en.wikipedia.org/w/index.php?oldid=1370954564,Reported platform positions; not independently verified current operational inventory
